Tre≈õƒá,Tytu≈Ç filmu,Data i godzina publikacji filmu,Czas trwania,Wy≈õwietlenia zamierzone,≈öredni czas oglƒÖdania,≈öredni procent obejrzenia (%),Kontynuowa≈Ço oglƒÖdanie (%),Unikalni widzowie,≈örednia liczba wy≈õwietle≈Ñ na widza,Nowi widzowie,PowracajƒÖcy widzowie,Przypadkowi widzowie,Stali widzowie,Przychody z transakcji (PLN),Transakcje,Przychody z transakcji (PLN),YouTube Premium (PLN),Reklamy na stronie odtwarzania filmu (PLN),Szacunkowe przychody z DoubleClick (PLN),Szacunkowe przychody z AdSense (PLN),Podbicia,Punkty za podbicia,Pozyskane subskrypcje,Utracone subskrypcje,Polubienia,Oceny negatywne,Polubienia / g≈Çosy na nie (%),Udostƒôpnienia,Dodane komentarze,Przychody z¬†reklam w¬†YouTube (PLN),Wy≈õwietlenia reklam,CPM wg odtworze≈Ñ (PLN),CPM (PLN),Szacowane odtworzenia generujƒÖce przychody,RPM (PLN),Czas oglƒÖdania playlisty (godziny),Wy≈õwietlenia z playlist,Wy≈õwietlenia film√≥w na w≈ÇƒÖczenie playlisty,Wy≈õwietlenia,Czas oglƒÖdania (w¬†godzinach),Subskrybenci,Szacunkowe przychody (PLN),Wy≈õwietlenia miniatur,Wsp√≥≈Çczynnik klikalno≈õci wy≈õwietlonych miniatur (%)
Suma,,,,2894017,0:18:48,34.39,54.5,0,0,0,0,0,0,1426.218,162,8.804,13751.205,53838.054,0.266,53837.788,2402,1976340,36088,4201,76467,1776,97.73,8123,4806,97900.419,7149287,45.338,13.694,2159356,24.072,34171.9421,78412,1.9169,2904284,906894.6432,31887,69018.462,43408840,4.27
uOp22dC7KfE,Najgro≈∫niejsze Gangi ≈öwiata: Bractwo Aryjskie i Los Zetas ‚Äì Iceberg 3,"Jul 7, 2025",4579,104178,0:26:19,34.49,,,,,,,,0,0,,696.857,3179.37,0,3179.37,4,3840,1177,17,1988,71,96.55,117,112,5780.722,426271,68.092,13.561,84896,37.226,404.5214,762,1.9589,104178,45708.4646,1160,3876.228,2235946,2.91
TFdDOnLIxI8,Policja Ba≈Ça Siƒô Tam WEJ≈öƒÜ? Twierdza Sekty Niebo,"Jan 11, 2026",2747,146486,0:18:35,40.49,100,,,,,,,0,0,,628.796,2853.983,0,2853.983,113,98500,1021,11,2561,60,97.71,1363,154,5198.41,438955,39.305,11.843,132259,24.468,172.2835,515,1.1363,146486,45432.6075,1010,3482.779,2607424,3.79
u1QaxOm1HYA,"Najgro≈∫niejsze Gangi ≈öwiata: Mafia Meksyka≈Ñska, Kinahan Kartel ‚Äì Iceberg 4","Aug 5, 2025",5315,96535,0:26:43,30.16,,,,,,,,4.774,1,4.774,574.869,2278.983,0,2278.983,91,77730,659,8,1246,57,95.63,123,67,4143.584,299591,63.039,13.831,65731,29.64,394.442,929,1.8597,96535,42988.4908,651,2858.626,1502965,4.47
pPSNJSmyXYI,Czyste Z≈Ço Istnieje ? - Najpotƒô≈ºniejsze Mafie ≈öwiata Iceberg 1,"May 4, 2025",3121,124070,0:18:40,35.91,50,,,,,,,99.638,11,9.058,535.707,2967.893,0,2967.893,0,0,1376,19,2139,60,97.27,159,90,5396.085,357650,49.569,15.088,108861,29.05,617.2849,1472,1.8609,124083,38627.4904,1357,3603.239,1922749,4.21
rfMZ_g4fLQc,Tajna bro≈Ñ Nazist√≥w w Polsce - Iceberg Teorie Spiskowe 3,"Apr 25, 2024",4328,89355,0:24:37,34.13,100,,,,,,,0,0,,561.962,1289.217,0.066,1289.151,0,0,596,13,1661,64,96.29,165,87,2344.052,158403,35.44,14.798,66141,20.724,2323.6682,3830,3.0544,89355,36666.1087,583,1851.179,1314103,4.42
HGDbMyV1qB0,SpotykajƒÖ siƒô nocƒÖ w lasach -  Iceberg Teorie Spiskowe 2,"Feb 24, 2024",4953,68446,0:29:36,35.87,0,,,,,,,0,0,,522.05,1374.858,0,1374.858,0,0,431,16,1468,53,96.52,150,69,2499.686,192637,47.467,12.976,52662,27.745,4256.3037,6323,3.0538,68446,33774.7217,415,1896.908,911730,4.76
lmKcGfyD5Ck,Dziura kt√≥ra poch≈Çania wszystko - Teorie Spiskowe Iceberg 4,"Nov 14, 2024",3002,114129,0:16:29,32.97,,,,,,,,0,0,,434.441,2537.117,0,2537.117,0,0,2221,47,2700,80,97.12,352,119,4612.944,285214,50.415,16.174,91499,26.059,1168.9716,2559,3.0297,114129,31374.9797,2174,2971.558,1294207,6.2
CN0mr40Zl2M,Co Siƒô Sta≈Ço w Smole≈Ñsku ? Wszystkie Teorie Spiskowe: Iceberg Czƒô≈õƒá Pierwsza,"Jan 9, 2024",4151,80614,0:22:50,33.02,,,,,,,,0,0,,450.776,0,0,0,0,0,811,30,2238,91,96.09,278,122,,,,,,5.598,5060.4079,12325,1.1178,80614,30695.091,781,450.776,725579,6.49
DSijeJQ3SAA,Kto≈õ przejƒÖ≈Ç kontrole nad transmisjƒÖ - Teorie Spiskowe Iceberg 4,"Sep 7, 2024",2906,95559,0:18:02,37.25,0,,,,,,,0,0,,451.513,1644.71,0,1644.71,0,0,1330,19,1970,67,96.71,177,73,2990.426,208086,42.519,14.371,70331,21.957,1364.8643,2974,3.3386,95559,28732.1577,1311,2096.223,1386375,4.58
Dwhb72Ot27g,Najgro≈∫niejsze gangi ≈õwiata: Mafia Alba≈Ñska i Czarny Top√≥r ‚Äì Iceberg 5,"Sep 7, 2025",5162,64421,0:24:20,28.29,,,,,,,,14.238,1,14.238,353.794,2206.278,0,2206.278,67,51270,429,6,900,15,98.36,89,44,4011.45,258729,75.289,15.504,53281,39.991,294.1811,526,1.6037,64421,26131.8498,423,2574.31,887956,4.99
fLaMqc6qIhM,≈ömiertelnie Niebezpieczna Wyspa: Sentinel P√≥≈Çnocny,"Sep 18, 2025",1348,140303,0:08:48,39.24,,,,,,,,0,0,,290.09,2147.992,0,2147.992,83,60340,1019,24,3455,56,98.41,327,242,3905.517,289916,31.647,13.471,123409,17.395,105.961,429,2.7025,140303,20615.3012,995,2438.082,4690892,2.03
7PP5jaWHkgk,Czy ≈ºyjesz w≈õr√≥d NPC? Teorie Spiskowe Iceberg 10,"Nov 30, 2025",2954,63951,0:18:31,37.64,,,,,,,,0,0,,320.897,1249.538,0,1249.538,150,142260,519,9,1930,53,97.33,279,152,2271.969,179554,46.406,12.653,48959,24.765,178.8332,495,1.8148,63951,19750.8902,510,1570.435,873749,5
F9DEKUhqRh0,Czyste Z≈Ço Powraca:  Najpotƒô≈ºniejsze Mafie ≈öwiata Iceberg 2,"Jun 1, 2025",2951,60882,0:18:59,38.6,100,,,,,,,0,0,,273.294,1398.868,0,1398.868,0,0,586,6,1101,29,97.43,67,40,2543.392,170902,53.632,14.882,47423,27.47,410.1576,1061,1.9031,60882,19266.5375,580,1672.162,752040,4.63
Wzd6FJVUHI0,Tajemnicze Kryptydy: Iceberg Czƒô≈õƒá 1,"Mar 7, 2024",3974,52798,0:21:34,32.58,,,,,,,,0,0,,265.651,774.969,0,774.969,0,0,834,15,1533,31,98.02,107,66,1409.07,111583,35.945,12.628,39201,19.721,1096.7609,2469,1.1717,52798,18987.6511,819,1040.62,731425,4.28
GSzEAur2fn8,Tajemnica ≈ºony Macrona i klon Miley ‚Äì Iceberg Teorie Spiskowe #8,"Aug 24, 2025",2714,67528,0:16:30,36.51,,,,,,,,5.698,1,5.698,288.463,1641.16,0,1641.16,152,122320,816,20,2094,87,96.01,188,118,2983.438,202137,49.023,14.759,60858,28.732,305.6696,713,2.5341,67528,18584.7571,796,1935.322,809273,5.81
cRieXrLW2es,"Tom Cruise i sekta, o kt√≥rej NIE WOLNO m√≥wiƒá","Oct 12, 2025",3001,58276,0:18:40,37.33,,,,,,,,0,0,,305.315,1216.346,0,1216.346,93,58530,523,11,1634,44,97.38,177,100,2211.482,157156,48.645,14.072,45462,26.129,126.9827,342,1.6019,58276,18134.7894,512,1521.661,971642,4.13
tSaybqpdavk,"Operowa≈Çem TO CO≈ö, Chirurg przerywa milczenie.","Dec 7, 2025",3550,65371,0:16:20,27.63,,,,,,,,0,0,,222.669,812.879,0,812.879,57,53450,465,7,1438,36,97.56,204,131,1477.719,135166,29.634,10.933,49865,15.977,76.6405,201,1.5547,65371,17808.5709,458,1035.548,800148,5.42
YA6mkra7b60,"Mroczne Sekrety Polski: Wampiry w Bieszczadach, Tajne Wiƒôzienia CIA i UFO w Gdyni.","Jun 22, 2025",2434,68273,0:14:45,36.36,,,,,,,,85.33,10,8.533,259.144,1218.231,0,1218.231,0,0,986,8,1853,33,98.25,167,103,2214.927,167791,38.04,13.201,58227,22.934,209.8596,621,2.2222,68273,16786.2874,978,1562.704,867444,5.2
FvNCut3nl04,Dlaczego Trump ≈õciga ten gang? Iceberg Ostateczny,"Dec 15, 2025",31528,16370,0:59:58,11.41,,,,,,,,0,0,,286.079,442.435,0,442.435,53,49180,62,1,444,10,97.8,57,58,804.346,70559,66.773,11.4,12046,44.837,289.4751,240,1.3837,16370,16366.7761,61,728.514,212634,4.23
rtBVeUETgnw,Wszystkie Potwory z Koszmar√≥w: Wielki Fina≈Ç Kryptydy Iceberg,"Mar 9, 2025",18977,20615,0:46:49,14.75,,,,,,,,0,0,,265.442,456.318,0,456.318,0,0,92,4,594,8,98.67,52,41,830.642,64978,53.997,12.783,15383,35.066,685.19,589,2.0524,20615,16092.9335,88,721.76,344654,3.77
VEIcAoX5dlA,Czy Internet Naprawdƒô Umar≈Ç ?  - Teorie Spiskowe Iceberg 6,"Apr 23, 2025",3536,43830,0:21:51,37.1,0,,,,,,,0,0,,275.911,960.957,0,960.957,0,0,375,6,1113,23,97.98,122,90,1747.25,120560,58.927,14.493,29651,28.252,742.0253,1397,2.9512,43831,15973.096,369,1236.868,653612,4.43
wDI1LXOtKic,Najgro≈∫niejsze gangi ≈õwiata: Kartel z Tijuany i R√≥≈ºowe Pantery Iceberg 6,"Oct 5, 2025",4400,37360,0:24:56,34.01,,,,,,,,4.774,1,4.774,218.654,1355.696,0,1355.696,63,41200,266,2,602,10,98.37,52,29,2464.933,158176,77.911,15.583,31638,42.288,169.785,381,1.5282,37360,15532.3754,264,1579.124,665018,3.87
tUkPv_xcdeM,"Robili≈õmy Rzeczy, Kt√≥rych ≈ªa≈Çujƒô - Pracowa≈Ç w Strefie 51.","Oct 16, 2025",1848,69263,0:12:59,42.2,,,,,,,,14.238,1,14.238,224.816,1241.136,0,1241.136,61,37740,327,7,1146,34,97.12,103,71,2256.833,167206,37.754,13.497,59778,21.467,256.8976,827,1.9448,69263,15003.5555,320,1480.191,853685,5.77
YvszGfT5gJw,Ludzie byli zwierzƒôtami w ZOO - Teorie Spiskowe Iceberg 6,"Mar 16, 2025",3901,32969,0:26:14,40.36,0,,,,,,,0,0,,242.079,868.953,0,868.953,0,0,302,6,959,20,97.96,72,68,1579.99,118964,60.501,13.281,26115,33.737,904.3812,1568,3.0913,32971,14417.0818,296,1111.032,399847,5.5
l--i3m3R62o,Pow√≥d≈∫ w Polsce by≈Ça zaplanowana? Teorie Spiskowe Iceberg 9,"Sep 21, 2025",2701,46160,0:18:38,41.41,,,,,,,,0,0,,261.274,1061.45,0,1061.45,105,74780,375,16,1252,34,97.36,133,88,1929.416,137625,57.512,14.019,33548,28.702,253.6645,631,2.5528,46160,14339.5237,359,1322.724,512071,5.4
E-h_AUOTbMQ,Czy Ksiƒô≈ºyc To Naprawdƒô Satelita Kosmit√≥w?  Teorie Spiskowe 7,"Jun 15, 2025",3450,31116,0:27:14,47.39,,,,,,,,0,0,,251.933,789.211,0,789.211,0,0,223,12,1013,24,97.69,63,67,1435.035,111346,62.185,12.888,23077,33.554,485.7547,1026,2.5148,31116,14129.3635,211,1041.143,343788,4.83
soPdpVYYTls,Elity polujƒÖ na ludzi - Teorie Spiskowe Iceberg 5,"Feb 9, 2025",2815,38947,0:20:26,43.56,,,,,,,,0,0,,216.852,749.035,0,749.035,0,0,283,12,1092,26,97.67,83,55,1361.92,99726,46.148,13.657,29512,24.819,781.6172,1737,3.4181,38947,13265.4213,271,965.887,542831,4.97
 -aZ2b8_FjGU,Niebezpieczne Sekty ≈öwiata : Iceberg,"Dec 21, 2023",4395,30698,0:25:35,34.94,,,,,,,,0,0,,192.12,0.114,0,0.114,0,0,230,6,742,23,96.99,82,36,0.208,25,9.905,8.32,21,6.267,392.3327,926,1.1982,30698,13095.0418,224,192.235,431083,4.43
k_Y2F0CyF9I,Najwiƒôksze k≈Çamstwo w historii? Zakazana Archeologia,"Jan 8, 2026",1814,64462,0:11:46,38.93,,,,,,,,0,0,,170.832,828.959,0,828.959,98,87000,649,12,1925,45,97.77,326,118,1507.828,129158,28.035,11.674,53784,16.116,132.1546,600,1.1704,64462,12650.8009,637,999.791,819109,5.33
XOkq-xFOur8,Tajemnicze Kryptydy: Iceberg Czƒô≈õƒá 2,"Mar 28, 2024",4111,25342,0:29:02,42.4,,,,,,,,0,0,,191.269,521.851,0,521.851,0,0,146,6,572,13,97.78,49,34,948.845,74558,47.466,12.726,19990,28.16,900.3446,1369,3.1967,25342,12268.4498,140,713.12,331248,4.11
d_eGkff5E-Q,SzokujƒÖcy Handel Lud≈∫mi W Kosmosie: Iceberg Teorie Spiskowe 7,"May 18, 2025",4385,24866,0:29:27,40.31,,,,,,,,76.86,9,8.54,213.56,757.46,0,757.46,0,0,132,1,832,11,98.7,66,62,1377.315,99398,75.71,13.857,18192,42.216,718.4843,1201,2.6644,24866,12210.4572,131,1047.88,295537,4.99
0O0bgRh_I9E,Tajemnicze Kryptydy: Iceberg Czƒô≈õƒá 4,"Oct 13, 2024",2909,38845,0:18:19,36.86,,,,,,,,0,0,,180.827,698.683,0.066,698.617,0,0,406,8,828,14,98.34,32,31,1270.852,96160,45.428,13.216,27975,22.649,349.9377,730,3.2601,38845,11866.5544,398,879.51,609160,3.64
65FGTx0RsO8,Sprzeda≈Ç Polskƒô ? Teorie Spiskowe Iceberg 9,"Oct 20, 2025",3240,26925,0:23:33,43.63,,,,,,,,8.533,1,8.533,194.097,564.199,0,564.199,102,63310,134,4,688,13,98.15,98,53,1025.799,81770,55.539,12.545,18470,28.571,263.2249,585,2.1798,26925,10574.8014,130,766.83,317031,4.61
SvOhDZja5SU,Zamachy finansowane z publicznych zbi√≥rek - Iceberg Teorie Spiskowe 5,"Jan 7, 2025",2864,29558,0:19:52,41.64,,,,,,,,111.02,13,8.54,156.718,569.819,0,569.819,0,0,258,9,1098,18,98.39,85,58,1036.077,71585,45.816,14.473,22614,28.371,942.2158,2049,2.9738,29558,9792.7432,249,837.557,401115,4.94
8sPSfgllbW8,"Mroczne Sekrety Polski: Piramida, UFO, Nazi≈õci i KlƒÖtwa Templariuszy","May 25, 2025",1817,45749,0:12:04,39.87,33.33,,,,,,,5.698,1,5.698,132.106,734.008,0,734.008,0,0,589,5,1274,22,98.3,104,53,1334.556,93641,43.132,14.252,30941,19.076,259.7377,766,2.2814,45753,9206.4667,584,871.812,520540,5.39
6EI5y5FQVB0,Najgorsi Ludzie w Historii Iceberg: Czƒô≈õƒá Pierwsza,"Sep 15, 2024",3017,24706,0:21:56,43.43,,,,,,,,0,0,,145.871,395.102,0,395.102,0,0,338,8,826,31,96.38,49,53,718.385,56697,38.098,12.671,18856,21.903,316.2968,711,1.7445,24706,9033.989,330,540.973,325500,4.56
-78wOdVtwSM,Ziemia zamarz≈Ça 10 900 p.n.e. ‚Äì kto ocala≈Ç?,"Oct 2, 2025",1087,82147,0:06:27,35.62,,,,,,,,0,0,,94.986,1050.477,0,1050.477,92,61630,828,3,1959,32,98.39,197,107,1909.979,142290,29.07,13.423,65703,13.947,53.9343,312,1.6524,82147,8835.9263,825,1145.463,1116012,5.16
yoYCxisDtpc,Tajemnicze Kryptydy: Iceberg Czƒô≈õƒá 3,"Aug 11, 2024",2571,27167,0:18:02,42.1,,,,,,,,0,0,,122.701,432.599,0,432.599,0,0,305,9,712,12,98.34,45,33,786.566,59090,36.545,13.311,21523,20.451,395.8134,900,2.9834,27167,8168.7619,296,555.299,343540,4.8
9AeSmkTmTl8,Odcinali czƒô≈õci cia≈Ça - Najgro≈∫niejsze gangi ≈õwiata Iceberg 7,"Nov 9, 2025",4118,18214,0:25:21,36.94,,,,,,,,0,0,,113.453,629.18,0,629.18,61,59610,102,1,415,7,98.34,33,33,1144.022,70530,68.554,16.22,16688,40.835,109.6888,240,1.5484,18214,7697.3841,101,742.633,316566,3.87
JdtJOOaoPY0,Ka≈ºde dziecko narysowa≈Ço DOK≈ÅADNIE to samo. UCISZYLI ICH?,"Jan 18, 2026",1966,29161,0:14:25,44.01,,,,,,,,0,0,,101.779,365.272,0,365.272,91,76700,241,6,857,16,98.17,113,57,667.109,64831,28.899,10.29,23084,16.551,31.5906,125,1.4118,29161,7013.5732,235,467.051,353362,4.8
uMWeRro46Ow,S≈Çowia≈Ñscy Bogowie i Potwory :  Iceberg cz.1,"Jul 24, 2024",2782,20872,0:17:39,38.09,,,,,,,,0,0,,99.9,351.994,0,351.994,0,0,219,3,702,14,98.04,72,44,639.994,44561,38.279,14.362,16719,21.656,279.5932,713,1.8836,20872,6143.0291,216,451.894,315722,4.15
NbHQNW261FQ,KrƒÖg w Ludwikowicach: co skrywa? Zaginiona Bursztynowa Komnata,"Sep 28, 2025",1991,26451,0:13:38,41.1,,,,,,,,0,0,,97.196,525.099,0,525.099,0,0,185,2,747,12,98.42,71,41,954.408,61430,47.398,15.537,20136,23.568,135.9166,451,1.4901,26451,6011.9903,183,622.295,388493,4.75
tpfacceKgd0,Czy Polsce Grozi Zatruty Chleb ze Wschodu? | Iceberg Teorie Spiskowe 8,"Jul 20, 2025",2950,14925,0:23:10,47.13,,,,,,,,0,0,,103.194,298.432,0,298.432,96,86610,60,2,682,8,98.84,32,40,542.629,42921,49.447,12.643,10974,26.935,331.2202,717,3.0381,14925,5763.938,58,401.626,196460,4.46
aPfMmSh-Bu0,Pierwszy Kontakt z Obcymi ‚Äì Czy To Bƒôdzie Nasz Koniec?,"Apr 6, 2025",2244,23995,0:14:10,37.92,,,,,,,,0,0,,89.525,439.015,0,439.015,0,0,222,8,840,23,97.33,77,79,798.224,55601,42.524,14.356,18771,22.046,169.5356,430,3.7632,23995,5671.7085,214,528.54,259194,5.96
R0M0pnV3k-c,Nic nie jest przypadkiem - Fina≈Ç Iceberg Teorii Spiskowych,"Dec 28, 2025",2142,23170,0:14:37,40.98,,,,,,,,0,0,,96.54,274.46,0,274.46,92,83620,93,8,737,18,97.62,82,73,498.642,48272,30.409,10.33,16398,16.132,74.4332,265,2.0909,23170,5647.6405,85,371,241074,6.35
dIX9if1CP8M,Polak Uprowadzony Przez UFO i Inne Mroczne Sekrety Polski,"Jul 27, 2025",3306,15774,0:20:54,37.95,,,,,,,,61.276,5,12.255,92.814,287.648,0,287.648,70,61870,122,2,678,12,98.26,49,60,523.01,44025,40.625,11.88,12874,28.054,268.2547,583,2.2091,15774,5498.158,120,441.739,232834,4.39
aOz_o7pHm4w,Zbrodnia kt√≥ra wstrzƒÖsnƒô≈Ça Hollywood ‚Äì sekta Mansona,"Aug 17, 2025",5017,14058,0:22:40,27.12,,,,,,,,0,0,,97.948,229.936,0,229.936,56,45900,89,2,365,4,98.92,22,28,417.794,35436,58.506,11.79,7141,23.34,212.487,305,2.5333,14058,5313.2557,87,327.884,177585,3.11
rDx-jwA6V8U,Potwory IstniejƒÖ Naprawdƒô ? : Kryptydy Iceberg Czƒô≈õƒá 5,"Feb 2, 2025",2752,14069,0:20:08,43.93,50,,,,,,,0,0,,78.092,228.749,0,228.749,0,0,52,7,471,9,98.13,30,23,415.941,32613,39.151,12.754,10624,21.831,196.3819,475,3.0516,14069,4724.1973,45,306.841,178211,4.53
9o51ic1XGp0,Tajne Stowarzyszenia ICEBERG: Od Szanta≈ºu po Rytua≈Çy (Cz. 1),"Feb 1, 2026",2667,14195,0:19:19,43.47,,,,,,,,,,,,,,,0,0,68,4,598,4,99.34,73,60,,,,,,,12.8414,51,,14195,4571.8153,64,,129144,7.71
_PLts7wmAPQ,Uznali niemowlƒô za ANTYCHRYSTA. Krwawe Rytua≈Çy Elit.,"Dec 21, 2025",3198,10713,0:22:30,42.24,,,,,,,,0,0,,74.591,145.804,0,145.804,53,48710,46,3,382,3,99.22,42,35,264.799,24840,37.207,10.66,7117,20.767,86.32,216,1.9018,10713,4020.1946,43,220.395,141742,3.91
gqjNQMrtAoQ,Naukowcy OstrzegajƒÖ! Czy Sztuczna Inteligencja Zniszczy Nasz ≈öwiat ?,"Jun 8, 2025",2305,13910,0:17:11,44.75,,,,,,,,0,0,,67.294,231.787,0,231.787,0,0,86,3,389,12,97.01,87,79,421.468,32511,39.574,12.964,10650,21.527,112.7318,344,1.308,13910,3985.5677,83,299.081,165456,4.5
CEtEEPMY8b8,Heaven's Gate: Zabra≈Ço ich UFO? [ostatnie nagrania],"Sep 14, 2025",2818,12828,0:16:49,35.81,,,,,,,,42.665,5,8.533,64.488,218.32,0,218.32,53,39580,57,2,402,7,98.29,23,33,396.846,29546,47.998,13.431,8268,25.424,215.7103,575,1.6067,12828,3596.0175,55,325.472,188206,4.16
TUUSL1uoZ8E,Najgorsi Ludzie w Historii Iceberg: Czƒô≈õƒá Druga,"Dec 1, 2024",2868,9183,0:22:07,46.3,,,,,,,,0,0,,56.656,188.81,0,188.81,0,0,70,6,368,7,98.13,14,21,343.295,24682,47.601,13.909,7212,26.765,260.9607,616,2.2948,9183,3387.5037,64,245.466,150956,3.85
_GQL0BYv6s4,Odkryj Tajemnice Zaginiƒôƒá w Parkach Narodowych 4: Missing 411,"Jan 16, 2025",1960,12131,0:15:39,47.95,0,,,,,,,0,0,,45.763,207.192,0,207.192,0,0,173,2,645,3,99.54,28,37,376.722,26304,37.556,14.322,10031,20.857,192.9199,619,2.476,12131,3166.7021,171,252.955,183675,4.31
HHjxujHJFfw,Zaginiƒôcia w Parkach Narodowych 2: Missing 411,"Sep 26, 2024",1640,13806,0:13:24,49.04,,,,,,,,0,0,,39.89,205.953,0,205.953,0,0,290,1,810,10,98.78,21,33,374.471,24617,31.569,15.212,11862,17.815,239.4273,798,3.6606,13806,3085.234,289,245.843,191607,4.63
5KK1xE7LIo4,Odkryj Tajemnice Zaginiƒôƒá w Parkach Narodowych 3: Missing 411,"Oct 17, 2024",1848,11306,0:15:25,50.06,,,,,,,,0,0,,43.377,218.48,0.134,218.346,0,0,161,3,540,5,99.08,23,21,397.241,26000,43.701,15.279,9090,23.179,243.0314,802,2.5623,11306,2905.1556,158,261.857,174859,3.85
p3A2WDq8YOU,Nie mo≈ºemy rozmawiaƒá o tej wyspie.,"Nov 13, 2025",1547,14655,0:11:52,46.08,,,,,,,,0,0,,54.469,234.66,0,234.66,67,64990,52,5,495,4,99.2,26,34,426.72,28112,38.347,15.179,11128,19.836,121.1251,585,1.3234,14655,2901.7077,47,289.129,171671,5.37
Tjd7DmV4kPo,Dlaczego wypali≈Ç na nich sw√≥j znak? Niewolnice sekty NXIVM,"Nov 23, 2025",2782,7741,0:19:25,41.91,,,,,,,,0,0,,48.071,152.41,0,152.41,40,38370,30,8,265,5,98.15,32,22,277.022,17383,53.1,15.936,5217,25.986,91.1835,207,1.8624,7741,2506.7609,22,200.481,109990,4.03
9xipxIiI1Jk,"Wiedzia≈Ça, ≈ºe ju≈º nie wr√≥ci do domu.","May 11, 2025",1739,8162,0:17:41,60.16,,,,,,,,0,0,,39.864,154.786,0,154.786,0,0,40,0,232,4,98.31,36,21,281.436,21032,50.819,13.381,5538,23.857,45.0019,144,2.4828,8162,2406.6346,40,194.65,98114,3.16
eucEcEz3-aM,Papie≈º Zbrodniarzem ? Najgorsi Ludzie Iceberg 3,"Mar 2, 2025",2569,7210,0:19:59,46.71,,,,,,,,0,0,,41.118,124.648,0,124.648,0,0,21,4,318,5,98.45,11,21,226.64,17104,41.215,13.251,5499,23.017,129.8352,422,1.3592,7210,2403.2005,17,165.767,118282,3.82
uXigvRFrqkw,"Zab√≥jstwo Brzeskiej, Z≈Çoty PociƒÖg i Polska Bomba Atomowa : Mroczne Sekrety Polski","Aug 31, 2025",2322,8477,0:16:38,43,,,,,,,,0,0,,47.101,158.602,0,158.602,71,55630,37,1,398,5,98.76,31,24,288.257,20894,45.784,13.796,6296,24.306,153.1684,435,1.9727,8477,2351.5578,36,205.703,137121,3.77
dkqF7OIPGfY,Co zabi≈Ço 15 000 ludzi w Londynie?,"Jan 22, 2026",1288,14435,0:09:31,44.36,,,,,,,,0,0,,35.407,173.335,0,173.335,55,45310,89,5,492,8,98.4,54,25,314.818,23347,33.87,13.484,9295,15.039,19.1715,112,1.3506,14435,2292.339,84,208.742,186846,4.76
GZl3H2TFNSI,Czy FBI Co≈õ Ukrywa? Tajemnicze Zaginiƒôcia w Parkach Narodowych,"Feb 16, 2025",1743,9032,0:15:06,52.02,,,,,,,,0,0,,39.71,128.272,0,128.272,0,0,40,4,436,5,98.87,21,35,233.225,16404,34.072,14.218,6845,18.607,142.1203,522,1.3773,9032,2274.1701,36,167.982,125724,4.46
xuBVxIvooyI,Nie byli na to przygotowani! Apokalipsa 8200 lat temu,"Nov 2, 2025",1901,10153,0:13:11,41.62,100,,,,,,,0,0,,41.705,136.997,0,136.997,51,50140,33,2,472,7,98.54,18,33,249.119,17581,34.145,14.17,7296,17.665,69.8267,254,2.193,10153,2231.9042,31,178.702,129093,5.06
hvOO_Z7xSGE,Zagadka Lasu Rendlesham - Zolnierze I UFO,"Nov 13, 2023",1811,9311,0:13:07,43.46,,,,,,,,0,0,,29.922,147.411,0,147.411,0,0,57,5,337,8,97.68,36,18,268.022,19381,34.039,13.829,7874,19.101,128.7718,411,3.6937,9311,2036.2012,52,177.333,95648,6.4
EgwbGTYyifI,Kto Prze≈õladowa≈Ç Mieszka≈Ñc√≥w Ma≈Çego Miasteczka ? Zagadka Mothmana,"Feb 2, 2024",2660,6098,0:19:31,44.06,,,,,,,,0,0,,29.808,92.125,0,92.125,0,0,25,2,267,4,98.52,8,20,167.503,12983,38.515,12.902,4349,20.061,227.6325,522,3.3553,6098,1985.0173,23,121.933,86806,4.11
DA5OhDEuLQY,S≈Çowia≈Ñscy Bogowie i Potwory :  Iceberg cz.2,"Jul 31, 2024",2369,6770,0:17:24,44.1,,,,,,,,0,0,,33.631,129.387,0,129.387,0,0,58,2,259,6,97.74,29,13,235.251,15318,43.501,15.358,5408,24.08,143.8438,556,1.4005,6770,1964.6313,56,163.019,94373,3.13
TyV0MjuEPtY,Nie chcia≈Çby≈õ siƒô wtedy urodziƒá ‚Äì Wulkan Toba 74 tys. p.n.e.,"Sep 4, 2025",1245,13449,0:08:45,42.24,,,,,,,,0,0,,36.534,153.215,0,153.215,35,27040,95,3,414,7,98.34,18,35,278.576,20013,31.888,13.92,8736,14.128,87.4893,386,1.6325,13449,1964.5339,92,189.749,202150,4.08
5JFzRwIF77k,Filmy Kt√≥re Nie Pozwala≈Çy Nam ZasnƒÖƒá : Traumy Z Dzieci≈Ñstwa,"Oct 27, 2024",2746,7348,0:15:58,34.9,,,,,,,,0,0,,30.951,128.301,0,128.301,0,0,44,3,312,4,98.73,18,63,233.274,15733,46.002,14.827,5071,21.676,63.8291,146,2.9796,7348,1955.678,41,159.251,144445,2.93
52Yjnj_poNs,Paso≈ºyt Kt√≥ry Przejmuje Umys≈Ç ‚Äì I Inne Niewyja≈õnione Odkrycia Naukowe!,"Apr 13, 2025",1823,7573,0:13:50,45.53,100,,,,,,,0,0,,30.501,117.848,0,117.848,0,0,50,1,368,3,99.19,39,26,214.281,15252,38.686,14.049,5539,19.597,70.9538,198,4.8049,7573,1745.9993,49,148.349,116120,3.93
dkYIT7vsGoA,Koncert Zamieni≈Ç Siƒô w Piek≈Ço - Prawdziwe Nagrania,"Jul 13, 2025",1493,7849,0:12:37,50.74,,,,,,,,0,0,,28.452,89.616,0,89.616,3,2790,31,3,199,2,99,8,15,162.938,14289,36.024,11.403,4523,15.058,32.5571,220,1.2749,7849,1651.6813,28,118.068,100865,3.04
8y9bxdg71JI,Katastrofa MTK: Dlaczego musia≈Ça RUNƒÑƒÜ? (20 lat p√≥≈∫niej),"Jan 25, 2026",1921,7287,0:13:29,42.11,,,,,,,,0,0,,27.591,64.373,0,64.373,35,28190,23,1,322,2,99.38,34,25,116.854,11239,26.13,10.397,4472,13.255,11.9443,63,1.0351,7287,1638.0866,22,91.964,93505,4.48
SqLrz0JhkRk,Odkryj Tajemnice Zaginiƒôƒá w Parkach Narodowych 6: Missing 411,"Mar 23, 2025",2033,5558,0:17:05,50.45,,,,,,,,0,0,,25.971,117.589,0,117.589,0,0,47,1,356,5,98.61,13,24,213.807,14299,43.369,14.953,4930,25.904,,,,5558,1583.6298,46,143.56,94398,4.02
D0rdAxYNzc0,Tajemnicze Zaginiecia w Parkach Narodowych : Missing 411,"Oct 12, 2023",1065,8414,0:09:02,50.93,,,,,,,,0,0,,13.89,107.01,0,107.01,0,0,68,4,358,6,98.35,22,9,194.565,13256,30.616,14.678,6355,14.374,193.2091,1004,1.9197,8414,1267.6012,64,120.9,99642,5.34
oZP5BL250AM,"To cud, ≈ºe nadal istniejemy.","Dec 4, 2025",1271,7613,0:09:57,46.97,,,,,,,,8.54,1,8.54,23.051,109.322,0,109.322,44,41350,25,2,345,6,98.29,21,31,198.799,13244,37.946,15.01,5239,18.625,45.4645,227,1.5,7613,1262.4116,23,140.913,100026,4.7
g8WFQ44wQjo,Zbrodnia Na Torach: Niewyja≈õniona Sprawa Kevina I Dona,"Nov 6, 2023",2156,4909,0:14:46,41.14,,,,,,,,0,0,,10.108,30.487,0,30.487,0,0,155,2,293,5,98.32,18,33,55.431,4013,39.285,13.813,1411,8.271,104.5007,266,4.0923,4909,1209.045,153,40.595,98493,3.54
ah_wA7dDtTE,Dania zamknƒô≈Ça niebo. Co naprawdƒô widziano nad KopenhagƒÖ?,"Oct 9, 2025",894,9914,0:07:02,47.27,,,,,,,,0,0,,19.238,112.14,0,112.14,22,14080,36,8,380,10,97.44,35,38,203.896,16524,24.352,12.339,8373,13.271,36.8108,283,1.5389,9914,1163.9901,28,131.378,109951,5.82
GKnEfayYdSc,Co Sta≈Ço Siƒô z 43 Zaginionymi Studentami ?,"Feb 15, 2024",2145,4386,0:14:43,41.18,,,,,,,,0,0,,17.129,52.513,0,52.513,0,0,21,2,238,4,98.35,16,7,95.479,7312,31.439,13.058,3037,15.882,64.3941,218,3.9636,4386,1076.2093,19,69.642,58853,4.26
9kRRRciACWc,Teorie Spiskowe Kt√≥re Okaza≈Çy Siƒô PrawdƒÖ - MK-ULTRA,"Dec 8, 2024",1389,5205,0:11:32,49.86,,,,,,,,0,0,,16.711,62.277,0,62.277,0,0,17,2,236,3,98.74,43,13,113.248,8804,27.887,12.863,4061,15.237,77.5764,322,2.6271,5205,1001.3959,15,78.988,89524,3.8
tJkmTWnnfpI,Polska Atlantyda : To Wikingowie stali za jej zag≈ÇadƒÖ ?,"Oct 30, 2025",1980,4097,0:14:34,44.14,,,,,,,,0,0,,17.788,71.917,0,71.917,23,22770,13,0,184,1,99.46,14,16,130.763,8797,42.775,14.864,3057,21.927,66.3064,246,1.3388,4097,994.7443,13,89.705,80439,3.04
0e_RS-V0H90,Najdziwniejsze Obrzƒôdy ze ≈öwiata,"Oct 31, 2024",2020,4002,0:14:15,42.34,,,,,,,,0,0,,16.501,62.47,0,62.47,0,0,35,3,218,2,99.09,16,6,113.583,7772,37.363,14.614,3040,19.748,62.0267,218,3.5161,4002,950.5193,32,78.972,98107,2.61
y4J6NLF_Mss,"Po tych tabletkach, nie mieli dla Polak√≥w lito≈õci.","Dec 18, 2025",1341,4971,0:10:39,47.66,,,,,,,,0,0,,16.207,59.374,0,59.374,0,0,14,1,241,3,98.77,28,24,107.972,7845,32.483,13.763,3324,15.269,18.955,89,2.175,4971,882.6477,13,75.582,76231,4.09
exd9y_pytdc,Nie Uciekniesz! 3 Przera≈ºajƒÖce Potwory SCP Na Wolno≈õci,"Feb 23, 2025",1296,5261,0:08:58,41.56,,,,,,,,28.462,1,28.462,13.011,54.419,0,54.419,0,0,40,7,324,3,99.08,13,32,98.943,7544,25.606,13.115,3864,18.248,54.4725,309,1.913,5261,787.1306,33,95.892,80470,4.39
6AC_j0Vs6f4,10 NiepokojƒÖcych Film√≥w z Internetu: Scary Commentary Odcinek 6,"Jan 19, 2025",2623,3984,0:10:51,24.85,0,,,,,,,0,0,,10.164,32.841,0,32.841,0,0,8,5,138,5,96.5,6,34,59.714,5538,24.078,10.783,2480,10.805,60.2876,223,2.198,3984,721.1726,3,43.005,68113,3.37
LU-rjr8V5fw,Czy ojciec by≈Ç odpowiedzialny ? Morderstwa na Farmie Hinterkeifeck,"Nov 27, 2023",2325,2426,0:17:35,45.39,,,,,,,,0,0,,9.872,0.007,0,0.007,0,0,25,1,154,3,98.09,8,11,0.012,2,6,6,2,4.073,99.3676,241,4.5472,2426,710.8133,24,9.878,40324,3.3
bG6lTQfhtw0,6 Przera≈ºajƒÖcych Historii Podczas Biwakowania: Scary Commentary Odcinek 3,"Sep 22, 2024",1893,3780,0:10:52,34.49,,,,,,,,0,0,,10.453,46.706,0,46.706,0,0,15,0,168,4,97.67,8,16,84.919,6259,29.996,13.568,2831,15.141,61.2541,283,2.2109,3780,685.6017,15,57.159,67509,3.6
xL0u1joJBgQ,"Antyczny Demon, Donald Trump i Nawiedzona Chata ‚Äì Mroczne Historie SCP","Mar 30, 2025",1027,5065,0:07:52,46.04,,,,,,,,0,0,,12.546,49.769,0,49.769,0,0,14,1,248,7,97.25,12,18,90.49,6876,25.891,13.16,3495,12.317,66.8326,425,1.5495,5065,665.1751,13,62.315,83547,3.71
vkaRWZk-OSE,WstrzƒÖsajƒÖce Spotkania Podczas Eksploracji: Scary Commentary Odcinek 5,"Oct 20, 2024",1717,3390,0:11:29,40.19,,,,,,,,0,0,,10.73,38.642,0,38.642,0,0,14,3,111,2,98.23,3,10,70.259,5753,31.936,12.213,2200,14.586,47.1522,245,2.4158,3390,649.7356,11,49.372,64711,2.87
_89vJEKzhz4,Tajemniczy przypadek Travisa Waltona,"Oct 23, 2023",1153,3930,0:08:29,44.19,,,,,,,,0,0,,4.825,26.004,0,26.004,0,0,42,3,173,5,97.19,25,18,47.281,3776,29.025,12.521,1629,7.847,83.9669,356,9.3684,3930,556.2281,39,30.829,39432,3.82
hbocwLU5-d8,Niewyt≈Çumaczalne Zaginiƒôcie - Steven Kubacki,"Dec 11, 2023",1075,3199,0:09:42,54.16,,,,,,,,0,0,,6.525,33.413,0,33.413,0,0,40,1,215,0,100,13,13,60.751,4037,35.757,15.049,1699,12.485,48.4925,237,3.5373,3199,517.9277,39,39.938,39123,4.21
2FpFN9mdRdw,Scary Commentary - Przera≈ºajƒÖce Filmy Z Internetu Czƒô≈õƒá 1,"Aug 18, 2024",1709,2854,0:10:48,37.96,,,,,,,,0,0,,7.735,36.205,0,36.205,0,0,15,1,110,5,95.65,4,17,65.827,4787,37.68,13.751,1747,15.417,40.4955,201,2.68,2854,514.4076,14,43.939,52518,2.88
1ZORUNC8rro,6 Przera≈ºajƒÖcych Historii Podczas Biwakowania: Scary Commentary Odcinek 4,"Oct 6, 2024",1327,3646,0:07:45,35.09,,,,,,,,0,0,,6.852,34.765,0,34.765,0,0,27,5,149,4,97.39,3,17,63.212,4912,25.184,12.869,2510,11.424,37.9243,185,3.3636,3646,471.5687,22,41.617,79678,2.93
Do169mAREik,"Czy TO dowodzi, ≈ºe duchy istniejƒÖ? ‚Äì Scary Commentary 7","Feb 6, 2025",1864,3432,0:07:48,25.15,,,,,,,,0,0,,7.075,32.422,0,32.422,0,0,10,5,131,0,100,6,16,58.948,4591,26.363,12.84,2236,11.508,40.5848,277,1.5249,3432,446.8347,5,39.497,59046,3.61
CcXHbUvjy_U,Zmuszeni do Przetrwania: SzokujƒÖce Wydarzenia na Wyspie Nazino,"Nov 20, 2023",1116,2651,0:09:01,48.56,,,,,,,,0,0,,5.022,21.264,0,21.264,0,0,24,0,117,1,99.15,13,9,38.664,2994,25.287,12.914,1529,9.927,38.5143,229,1.2063,2651,399.0414,24,26.286,46113,3.57
WH7HPSbbb6g,Prawda czy Legenda ? Bestia z Gevaudan,"Oct 30, 2023",822,2790,0:06:03,44.28,,,,,,,,0,0,,2.549,19.657,0,19.657,0,0,21,1,134,4,97.1,16,20,35.74,2684,25.456,13.316,1404,7.962,33.9085,255,1.2439,2790,282.0641,20,22.206,46059,3.8
 -SS-VkJuX6A,Scary Commentary - Przera≈ºajƒÖce Filmy Z Internetu Odcinek 2,"Sep 4, 2024",1095,1648,0:08:36,47.17,,,,,,,,0,0,,3.498,17.102,0,17.102,0,0,3,4,65,3,95.59,7,7,31.095,2363,29.586,13.159,1051,12.53,33.3651,200,4.1667,1648,236.4979,-1,20.6,47133,1.79
Mlulqp8u7vw,Dzieci Spotkaly Obcych ? Incydent w Zimbabwe,"Oct 5, 2023",774,2293,0:05:56,46.09,,,,,,,,0,0,,0.974,5.937,0,5.937,0,0,15,0,111,0,100,8,11,10.794,826,26.784,13.068,403,3.023,84.5368,660,1.0861,2293,227.1614,15,6.91,19478,3.4
bBJS5I2hZog,Pierwsze Porwanie Przez Obcych ? Tajemnica Betty i Barneya Hill,"Sep 24, 2023",703,2729,0:04:46,40.77,,,,,,,,0,0,,1.801,13.067,0,13.067,0,0,39,2,135,4,97.12,21,11,23.759,1999,22.542,11.885,1054,5.458,52.9577,376,6.6786,2729,217.289,37,14.868,11925,9.38
oSN-QlW234M,‚Å£O Jakich Teoriach Spiskowych Nie Chce Rozmawiaƒá: Q&A na 10 Tysiƒôcy Sub√≥w,"Feb 28, 2025",797,1760,0:05:15,39.6,,,,,,,,0,0,,2.373,16.998,0,16.998,0,0,10,2,131,0,100,3,21,30.906,2218,23.592,13.934,1310,11.013,4.0254,50,2.2727,1760,154.2891,8,19.371,53271,2.12
yUZH5PcdwLY,Stream Na 20 K Sub√≥w,"Oct 25, 2025",17161,807,0:10:49,3.79,,,,,,,,25.62,3,8.54,2.806,3.712,0,3.712,0,0,2,4,55,0,100,2,1,6.911,1194,6.306,5.788,1096,39.824,,,,807,145.6788,-2,32.138,28736,1.52
j3FLDjV5YT0,Ko≈Ñczymy Outlasta. Zapraszam na horror :),"Nov 30, 2025",22013,366,0:15:02,4.1,,,,,,,,0,0,,1.736,1.857,0,1.857,0,0,1,6,19,0,100,1,0,3.377,602,7.909,5.61,427,9.817,,,,366,91.8037,-5,3.593,13140,1.37
zCwtJSLu0bg,Tajemnicze zgony w Polsce #historia #horror,"Dec 29, 2025",58,6278,0:00:50,87.01,50.58,,,,,,,0,0,,0.295,0,0,0,0,0,45,0,628,7,98.9,24,27,,,,,,0.367,,,,13345,90.3543,45,2.305,9210,3.42
p102KxNK7To,"OUTLAST ‚Äì pierwszy raz, pe≈Çne przej≈õcie? | Gramy w Horror.","Nov 22, 2025",13942,300,0:12:53,5.55,,,,,,,,0,0,,0.944,2.389,0,2.389,0,0,0,3,11,0,100,0,0,4.862,505,13.581,9.628,358,11.11,,,,300,64.4507,-3,3.333,9707,1.73
ctCqvaTh5UE,Sygna≈Ç z kosmosu w 2050 roku... Czy to byli Obcy? üëΩ,"Dec 27, 2025",87,3353,0:01:02,71.67,64.46,,,,,,,0,0,,0.231,0,0,0,0,0,3,0,136,7,95.1,4,12,,,,,,0.36,,,,6533,58.8162,3,1.205,10293,4.88
qId7td-a1ec,Gramy w HORROR Man of Medan : House of Ashes,,11642,277,0:08:59,4.54,,,,,,,,0,0,,0.692,1.862,0,1.862,0,0,2,1,14,0,100,1,2,3.4,455,10.029,7.473,339,9.224,,,,277,41.4833,1,2.555,9339,1.51
DEB7Ubgil1A,Rok Kana≈Çu Late Night Stories,,2302,87,0:03:56,10.29,,,,,,,,25.599,3,8.533,0.092,5.457,0,5.457,0,0,3,4,12,0,100,0,2,9.922,1074,9.972,9.238,995,358.023,,,,87,5.7227,-1,31.148,121784,0.04
Nii_fBGb0_c,How to Make VIRAL THUMBNAILS like celebrities - Easy! üî•,"Jan 10, 2024",1461,,,,,,,,,,,,,,,,,,,,,,,,,,,,,,,,,0.0008,1,,,,,,,
UTbU3cclkDU,"How To Reveal Text, Title, or Logo in Premiere Pro","Jul 10, 2021",493,,,,,,,,,,,,,,,,,,,,,,,,,,,,,,,,,0.5217,7,3.5,,,,,,
VvhOxxM8R3c,STOP! Thumbnails & Video Quality Don‚Äôt Grow YouTube Channels,"Jan 28, 2024",921,,,,,,,,,,,,,,,,,,,,,,,,,,,,,,,,,0.2382,1,1,,,,,,
lM9TrptjkaU,Get the CINEMATIC film look in 3 steps! (NO LUTS!) | Adobe Premiere Pro 2020,"Jul 9, 2020",454,,,,,,,,,,,,,,,,,,,,,,,,,,,,,,,,,0.1607,5,,,,,,,
lzt2rjQYkFc,10 Premiere Pro TRICKS You Wish You Knew Sooner üëÄ,"Feb 28, 2023",507,,,,,,,,,,,,,,,,,,,,,,,,,,,,,,,,,0.1457,23,1,,,,,,
omtuw1Ua2Qk,How to color correct like a PRO! | Adobe Premiere Pro 2022,"Jun 13, 2022",487,,,,,,,,,,,,,,,,,,,,,,,,,,,,,,,,,0.1669,5,5,,,,,,
sLgHqZSe2o0,How to edit SO good your viewers get addicted to your videos,"Mar 19, 2024",872,,,,,,,,,,,,,,,,,,,,,,,,,,,,,,,,,0.1813,1,,,,,,,
wi5yEiRY5YM,How to add film halation in Premiere Pro - VINTAGE film look - EASY!,"Feb 28, 2024",364,,,,,,,,,,,,,,,,,,,,,,,,,,,,,,,,,0.0301,1,,,,,,,
